{
    "faces":[41,2,3,5,4,0,1,2,3,0,0,0,0,41,6,8,9,7,0,3,2,1,1,1,1,1,41,10,11,13,12,0,1,2,3,2,2,2,2],
    "name":"plant_pmat5Geometry",
    "normals":[0.93289,0.018342,0.359661,0.026704,0.018342,0.999451,-0.675192,0.018342,0.737388],
    "uvs":[[0.914938,-0.002379,0.900159,0.988351,0.037029,0.988351,0.051809,-0.002379]],
    "vertices":[1.43994,0.82039,-0.115198,0.21302,0.84812,0.186338,0.027877,0.014667,-0.065747,0.025421,0.169044,-0.067253,-0.030885,0.015188,0.086632,-0.033341,0.169565,0.085126,-0.088024,0.014667,0.008431,-0.088621,0.169044,0.005612,0.075234,0.015188,0.004055,0.074637,0.169565,0.001237,0.056867,0.014667,0.060851,0.059165,0.169044,0.059113,-0.063578,0.015188,-0.049446,-0.06128,0.169565,-0.051184],
    "metadata":{
        "type":"Geometry",
        "faces":3,
        "version":3,
        "normals":3,
        "uvs":1,
        "generator":"io_three",
        "vertices":14
    }
}